,date,bx,team,home_away,opponent,win_loss,runs,runs_allowed,innings,record,rank,games_behind_raw,win_pitcher,loss_pitcher,save_pitcher,game_time,day_night_raw,attendance,streak_raw,schedule_comment,IfWeekend,home,night_game,win_loss_new,win_total,loss_total,streak,game_duration,games_behind,actual_date,rain
0,323049600,boxscore,ATL,@,PHI,L,4,10,9,0//1,3,1.0,Nola,Teheran,,3:04,D,0.8427106824082321,-,,0,0,0,L,0,1,-1,184,0.0,"Thursday, Mar 28 1980",11.799999999999999
1,323222400,boxscore,ATL,@,PHI,L,6,8,9,0//2,4,2.0,Morgan,Parsons,,3:27,D,0.8451363489927799,--,,1,0,0,L,0,2,-2,207,0.0,"Saturday, Mar 30 1980",0.0
2,323308800,boxscore,ATL,@,PHI,L,1,5,9,0//3,5,3.0,Arrieta,Wright,,3:17,N,0.7847410411415794,---,,1,0,1,L,0,3,-3,197,0.0,"Sunday, Mar 31 1980",0.0
3,323395200,boxscore,ATL,,CHC,W,8,0,9,1//3,5,2.5,Parsons,Hendricks,,3:12,N,0.7942542022778525,+,,0,1,1,W,1,3,1,192,5.0,"Monday, Apr 1 1980",0.0
4,323568000,boxscore,ATL,,CHC,W,6,4,9,2//3,3,2.5,Jackson,Cishek,Vizcaino,3:32,N,0.7087115541321609,++,,0,1,1,W,2,3,2,212,5.0,"Wednesday, Apr 3 1980",0.0
5,323654400,boxscore,ATL,,CHC,W,9,4,9,3//3,3,1.5,Fried,Darvish,,3:29,N,0.6408118402850158,+++,,0,1,1,W,3,3,3,209,5.0,"Thursday, Apr 4 1980",0.0
6,323740800,boxscore,ATL,,MIA,W,4,0,9,4//3,3,1.5,Gausman,Lopez,,2:35,N,0.5536962989634066,++++,,1,1,1,W,4,3,4,155,5.0,"Friday, Apr 5 1980",0.0
7,323827200,boxscore,ATL,,MIA,L,2,4,9,4//4,3,2.0,Romo,Minter,Conley,3:16,N,0.6749796281907938,-,,1,1,1,L,4,4,-1,196,0.0,"Saturday, Apr 6 1980",0.0
8,323913600,boxscore,ATL,,MIA,W-wo,4,3,9,5//4,3,1.5,Vizcaino,Conley,,2:33,D,0.6168583827626068,+,,1,1,0,W,5,4,1,153,5.0,"Sunday, Apr 7 1980",0.0
9,324000000,boxscore,ATL,@,COL,W,8,6,9,6//4,3,1.5,Teheran,Freeland,Minter,2:59,N,0.4775341583126457,++,,0,0,1,W,6,4,2,179,5.0,"Monday, Apr 8 1980",0.0
10,324086400,boxscore,ATL,@,COL,W,7,1,9,7//4,2,0.5,Fried,Marquez,,3:12,N,0.4950633894900415,+++,,0,0,1,W,7,4,3,192,5.0,"Tuesday, Apr 9 1980",0.0
11,324259200,boxscore,ATL,,NYM,L,3,6,9,7//5,3,1.0,Matz,Gausman,Diaz,3:14,N,0.455096742405579,-,,0,1,1,L,7,5,-1,194,0.0,"Thursday, Apr 11 1980",0.0
12,324345600,boxscore,ATL,,NYM,L,2,6,9,7//6,3,2.0,Wheeler,Wright,,3:07,N,0.63169664007277,--,,1,1,1,L,7,6,-2,187,0.0,"Friday, Apr 12 1980",0.0
13,324432000,boxscore,ATL,,NYM,W,11,7,9,8//6,3,1.0,Toussaint,Oswalt,,3:34,N,0.7602380185336087,+,,1,1,1,W,8,6,1,214,0.0,"Saturday, Apr 13 1980",0.0
14,324518400,boxscore,ATL,,NYM,W,7,3,9,9//6,2,0.5,Teheran,deGrom,,3:36,N,0.44315791468475807,++,,1,1,1,W,9,6,2,216,5.0,"Sunday, Apr 14 1980",51.3
15,324691200,boxscore,ATL,,ARI,L,6,9,9,9//7,3,1.0,Hirano,Minter,Holland,3:36,N,0.42462430593719797,-,,0,1,1,L,9,7,-1,216,0.0,"Tuesday, Apr 16 1980",0.0
16,324777600,boxscore,ATL,,ARI,L,2,3,10,9//8,3,2.0,Bradley,Biddle,Holland,3:32,N,0.42365782940741725,--,,0,1,1,L,9,8,-2,212,0.0,"Wednesday, Apr 17 1980",0.0
17,324864000,boxscore,ATL,,ARI,L,1,4,9,9//9,4,2.0,Weaver,Soroka,Hirano,3:25,D,0.4584699349997157,---,,0,1,0,L,9,9,-3,205,0.0,"Thursday, Apr 18 1980",0.0
20,325123200,boxscore,ATL,@,CLE,W,11,5,9,11//10,2,1.0,Fried,Bieber,,3:22,N,0.3039473933559476,++,,1,0,1,W,11,10,2,202,0.0,"Sunday, Apr 21 1980",0.0
21,325296000,boxscore,ATL,@,CIN,L,6,7,9,11//11,3,1.5,Stephenson,Gausman,Iglesias,3:22,N,0.242358202732665,-,,0,0,1,L,11,11,-1,202,5.0,"Tuesday, Apr 23 1980",0.0
22,325382400,boxscore,ATL,@,CIN,W,3,1,9,12//11,3,0.5,Soroka,Roark,Minter,2:58,N,0.2453902859633497,+,,0,0,1,W,12,11,1,178,5.0,"Wednesday, Apr 24 1980",0.0
23,325468800,boxscore,ATL,@,CIN,L,2,4,9,12//12,3,1.0,Castillo,Teheran,Iglesias,2:54,N,0.28031609467679885,-,,0,0,1,L,12,12,-1,174,0.0,"Thursday, Apr 25 1980",0.0
24,325555200,boxscore,ATL,,COL,L,4,8,9,12//13,3,1.5,Senzatela,Fried,Davis,3:21,N,0.7633648543652524,--,,1,1,1,L,12,13,-2,201,5.0,"Friday, Apr 26 1980",0.0
25,325641600,boxscore,ATL,,COL,L,5,9,9,12//14,3,2.5,Shaw,Minter,,2:58,N,0.7247247436942144,---,,1,1,1,L,12,14,-3,178,5.0,"Saturday, Apr 27 1980",0.0
26,325728000,boxscore,ATL,,COL,W,8,7,9,13//14,3,2.5,Webb,Oh,Jackson,3:47,D,0.6427826943849608,+,,1,1,0,W,13,14,1,227,5.0,"Sunday, Apr 28 1980",0.0
27,325814400,boxscore,ATL,,SDP,W,3,1,9,14//14,2,2.0,Soroka,Margevicius,Webb,2:33,N,0.3667494172715041,++,,0,1,1,W,14,14,2,153,0.0,"Monday, Apr 29 1980",0.0
28,325900800,boxscore,ATL,,SDP,L,3,4,9,14//15,3,2.0,Paddack,Teheran,Yates,2:42,N,0.35297238909208056,-,,0,1,1,L,14,15,-1,162,0.0,"Tuesday, Apr 30 1980",0.0
29,325987200,boxscore,ATL,,SDP,W,5,1,9,15//15,2,2.0,Fried,Quantrill,,2:39,N,0.3864769087911463,+,,0,1,1,W,15,15,1,159,0.0,"Wednesday, May 1 1980",0.0
30,326073600,boxscore,ATL,,SDP,L,2,11,9,15//16,3,2.5,Strahm,Foltynewicz,,2:53,D,0.4499990524739904,-,,0,1,0,L,15,16,-1,173,5.0,"Thursday, May 2 1980",0.0
31,326160000,boxscore,ATL,@,MIA,W,7,2,9,16//16,2,2.5,Toussaint,Urena,,3:08,N,0.13640584434042716,+,,1,0,1,W,16,16,1,188,5.0,"Friday, May 3 1980",0.0
32,326246400,boxscore,ATL,@,MIA,W,9,2,9,17//16,2,1.5,Soroka,Anderson,,3:15,N,0.19384487104171008,++,,1,0,1,W,17,16,2,195,5.0,"Saturday, May 4 1980",0.0
33,326332800,boxscore,ATL,@,MIA,W,3,1,10,18//16,2,1.5,Tomlin,Guerrero,Jackson,3:29,D,0.22522693247929657,+++,,1,0,0,W,18,16,3,209,5.0,"Sunday, May 5 1980",0.0
34,326419200,boxscore,ATL,@,LAD,L,3,5,9,18//17,2,1.5,Buehler,Gausman,Urias,2:45,N,0.8223199226818776,-,,0,0,1,L,18,17,-1,165,5.0,"Monday, May 6 1980",0.0
35,326505600,boxscore,ATL,@,LAD,L,0,9,9,18//18,2,2.5,Ryu,Fried,,2:42,N,0.897060774318255,--,,0,0,1,L,18,18,-2,162,5.0,"Tuesday, May 7 1980",0.0
36,326592000,boxscore,ATL,@,LAD,L,4,9,9,18//19,2,3.5,Kershaw,Foltynewicz,,2:58,N,1.0177755879398889,---,,0,0,1,L,18,19,-3,178,5.0,"Wednesday, May 8 1980",0.0
37,326678400,boxscore,ATL,@,ARI,L-wo,2,3,10,18//20,2,4.0,Duplantier,Minter,,3:13,N,0.33639068392427374,----,,0,0,1,L,18,20,-4,193,0.0,"Thursday, May 9 1980",0.0
38,326764800,boxscore,ATL,@,ARI,W,2,1,9,19//20,2,3.0,Winkler,Lopez,Jackson,3:00,N,0.4156228088461028,+,,1,0,1,W,19,20,1,180,0.0,"Friday, May 10 1980",0.0
39,326851200,boxscore,ATL,@,ARI,W,6,4,9,20//20,2,3.0,Gausman,Kelly,Venters,3:09,N,0.6285508537209347,++,,1,0,1,W,20,20,2,189,0.0,"Saturday, May 11 1980",0.0
40,326937600,boxscore,ATL,@,ARI,W,5,3,9,21//20,2,3.0,Fried,Godley,Jackson,3:21,D,0.5203812844662586,+++,,1,0,0,W,21,20,3,201,0.0,"Sunday, May 12 1980",0.0
41,327110400,boxscore,ATL,,STL,L,3,14,9,21//21,2,3.5,Flaherty,Foltynewicz,,3:00,N,0.44946843790862057,-,,0,1,1,L,21,21,-1,180,5.0,"Tuesday, May 14 1980",0.0
42,327196800,boxscore,ATL,,STL,W,4,0,9,22//21,2,2.5,Soroka,Wacha,Jackson,2:40,N,0.4428168053213061,+,,0,1,1,W,22,21,1,160,5.0,"Wednesday, May 15 1980",0.0
43,327283200,boxscore,ATL,,STL,W,10,2,9,23//21,2,1.5,Teheran,Wainwright,,3:16,N,0.5454528226799825,++,,0,1,1,W,23,21,2,196,5.0,"Thursday, May 16 1980",0.0
44,327369600,boxscore,ATL,,MIL,W,12,8,9,24//21,2,1.5,Fried,Chacin,Jackson,3:25,N,0.6864257423866286,+++,,1,1,1,W,24,21,3,205,5.0,"Friday, May 17 1980",0.0
45,327456000,boxscore,ATL,,MIL,W-wo,4,3,10,25//21,2,1.5,Webb,Hader,,3:34,N,0.7413633004225966,++++,,1,1,1,W,25,21,4,214,5.0,"Saturday, May 18 1980",0.0
46,327542400,boxscore,ATL,,MIL,L,2,3,10,25//22,2,2.5,Hader,Parsons,,2:44,D,0.6926036119691485,-,,1,1,0,L,25,22,-1,164,5.0,"Sunday, May 19 1980",0.0
47,327628800,boxscore,ATL,@,SFG,W,4,1,9,26//22,2,2.5,Soroka,Suarez,Newcomb,2:23,N,0.5650097595178988,+,,0,0,1,W,26,22,1,143,5.0,"Monday, May 20 1980",39.4
48,327715200,boxscore,ATL,@,SFG,L-wo,3,4,9,26//23,2,2.5,Gott,Jackson,,3:16,N,0.5311830809755728,-,,0,0,1,L,26,23,-1,196,5.0,"Tuesday, May 21 1980",0.0
49,327801600,boxscore,ATL,@,SFG,W,9,2,9,27//23,2,1.5,Fried,Samardzija,,2:48,N,0.5950842350622525,+,,0,0,1,W,27,23,1,168,5.0,"Wednesday, May 22 1980",11.799999999999999
50,327888000,boxscore,ATL,@,SFG,W,5,4,13,28//23,2,1.5,Jackson,Moronta,,4:21,D,0.6151907369857302,++,,0,0,0,W,28,23,2,261,5.0,"Thursday, May 23 1980",0.0
51,327974400,boxscore,ATL,@,STL,W,5,2,9,29//23,2,1.5,Foltynewicz,Mikolas,,2:44,N,0.8457617161591086,+++,,1,0,1,W,29,23,3,164,5.0,"Friday, May 24 1980",0.0
52,328060800,boxscore,ATL,@,STL,L,3,6,9,29//24,2,2.5,Miller,Winkler,Hicks,2:40,N,0.8671758039758192,-,,1,0,1,L,29,24,-1,160,5.0,"Saturday, May 25 1980",220.4
53,328147200,boxscore,ATL,@,STL,W,4,3,10,30//24,2,1.5,Webb,Webb,Jackson,4:07,N,0.8556538876992174,+,,1,0,1,W,30,24,1,247,5.0,"Sunday, May 26 1980",0.0
54,328320000,boxscore,ATL,,WSN,L,4,5,9,30//25,2,2.5,Strasburg,Fried,Doolittle,3:21,N,0.5225226932479297,-,,0,1,1,L,30,25,-1,201,5.0,"Tuesday, May 28 1980",0.0
55,328406400,boxscore,ATL,,WSN,L,4,14,9,30//26,2,3.5,Sanchez,Gausman,McGowin,3:11,N,0.7149273247550645,--,,0,1,1,L,30,26,-2,191,5.0,"Wednesday, May 29 1980",0.0
56,328579200,boxscore,ATL,,DET,L,2,8,9,30//27,2,3.0,Turnbull,Foltynewicz,,2:52,N,0.6731982792927665,---,,1,1,1,L,30,27,-3,172,0.0,"Friday, May 31 1980",0.0
57,328665600,boxscore,ATL,,DET,W,10,5,9,31//27,2,2.0,Soroka,Norris,Jackson,2:51,D,0.7032159032765449,+,,1,1,0,W,31,27,1,171,0.0,"Saturday, Jun 1 1980",0.0
58,328752000,boxscore,ATL,,DET,W,7,4,9,32//27,2,1.0,Toussaint,Jimenez,,3:18,D,0.5491481741173795,++,,1,1,0,W,32,27,2,198,0.0,"Sunday, Jun 2 1980",0.0
59,328924800,boxscore,ATL,@,PIT,W,12,5,9,33//27,2,0.5,Winkler,Crick,,3:46,N,0.2646061134378139,+++,,0,0,1,W,33,27,3,226,5.0,"Tuesday, Jun 4 1980",0.0
60,329011200,boxscore,ATL,@,PIT,L,4,7,9,33//28,2,1.5,Musgrove,Gausman,,2:48,N,0.2634880327464989,-,,0,0,1,L,33,28,-1,168,5.0,"Wednesday, Jun 5 1980",0.0
61,329097600,boxscore,ATL,@,PIT,L,1,6,9,33//29,2,2.0,Archer,Foltynewicz,Vazquez,2:58,D,0.34550588413651956,--,,0,0,0,L,33,29,-2,178,0.0,"Thursday, Jun 6 1980",0.0
62,329184000,boxscore,ATL,@,MIA,W,7,1,9,34//29,2,2.0,Soroka,Urena,,2:42,N,0.1627660179271921,+,,1,0,1,W,34,29,1,162,0.0,"Friday, Jun 7 1980",0.0
63,329270400,boxscore,ATL,@,MIA,W,1,0,9,35//29,2,2.0,Teheran,Richards,Jackson,2:57,D,0.18516553279387518,++,,1,0,0,W,35,29,2,177,0.0,"Saturday, Jun 8 1980",0.0
64,329356800,boxscore,ATL,@,MIA,W,7,6,12,36//29,2,1.0,Winkler,Conley,Tomlin,4:26,D,0.20767875078170897,+++,,1,0,0,W,36,29,3,266,0.0,"Sunday, Jun 9 1980",0.0
65,329443200,boxscore,ATL,,PIT,W,13,7,9,37//29,1,Tied,Newcomb,McRae,Webb,3:35,N,0.4135382516250071,++++,,0,1,1,W,37,29,4,215,0.0,"Monday, Jun 10 1980",0.0
66,329529600,boxscore,ATL,,PIT,W,7,5,8,38//29,1,Tied,Toussaint,Archer,Swarzak,3:15,N,0.5932460346036499,+++++,,0,1,1,W,38,29,5,195,0.0,"Tuesday, Jun 11 1980",0.0
67,329616000,boxscore,ATL,,PIT,W-wo,8,7,11,39//29,1,up 1.0,Webb,Feliz,,4:17,N,0.46292330724478387,++++++,,0,1,1,W,39,29,6,257,1.0,"Wednesday, Jun 12 1980",0.0
68,329702400,boxscore,ATL,,PIT,W,6,5,9,40//29,1,up 1.5,Teheran,Musgrove,Jackson,3:30,D,0.6653148628929864,+++++++,,0,1,0,W,40,29,7,210,1.5,"Thursday, Jun 13 1980",0.0
69,329788800,boxscore,ATL,,PHI,W-wo,9,8,9,41//29,1,up 2.5,Blevins,Neris,,3:30,N,0.7954480850499346,++++++++,,1,1,1,W,41,29,8,210,2.5,"Friday, Jun 14 1980",0.0
70,329875200,boxscore,ATL,,PHI,L,5,6,9,41//30,1,up 1.5,Ramos,Jackson,Neris,3:55,N,0.8261100267202335,-,,1,1,1,L,41,30,-1,235,1.5,"Saturday, Jun 15 1980",0.0
71,329961600,boxscore,ATL,,PHI,W,15,1,9,42//30,1,up 2.5,Foltynewicz,Velasquez,,3:09,D,0.7742235024351418,+,,1,1,0,W,42,30,1,189,2.5,"Sunday, Jun 16 1980",0.0
72,330048000,boxscore,ATL,,NYM,W,12,3,9,43//30,1,up 3.0,Soroka,Wheeler,,3:05,N,0.4673198279292767,++,,0,1,1,W,43,30,2,185,3.0,"Monday, Jun 17 1980",0.0
73,330134400,boxscore,ATL,,NYM,L,2,10,9,43//31,1,up 2.5,deGrom,Teheran,,3:04,N,0.47321343970892,-,,0,1,1,L,43,31,-1,184,2.5,"Tuesday, Jun 18 1980",0.0
74,330220800,boxscore,ATL,,NYM,W,7,2,9,44//31,1,up 4.0,Fried,Matz,,3:03,N,0.7031401011957779,+,,0,1,1,W,44,31,1,183,4.0,"Wednesday, Jun 19 1980",0.0
75,330393600,boxscore,ATL,@,WSN,L,3,4,9,44//32,1,up 4.5,Strasburg,Keuchel,Suero,3:01,N,0.6483351968011521,-,,1,0,1,L,44,32,-1,181,4.5,"Friday, Jun 21 1980",0.0
76,330480000,boxscore,ATL,@,WSN,W,13,9,9,45//32,1,up 5.5,Minter,Ross,,3:42,N,0.7104929030301882,+,,1,0,1,W,45,32,1,222,5.5,"Saturday, Jun 22 1980",0.0
77,330566400,boxscore,ATL,@,WSN,W,4,3,10,46//32,1,up 6.5,Minter,Rainey,Jackson,3:09,D,0.6491690196895905,++,,1,0,0,W,46,32,2,189,6.5,"Sunday, Jun 23 1980",0.0
78,330652800,boxscore,ATL,@,CHC,L,3,8,9,46//33,1,up 5.5,Lester,Teheran,,3:01,N,0.7125964107714757,-,,0,0,1,L,46,33,-1,181,5.5,"Monday, Jun 24 1980",0.0
79,330739200,boxscore,ATL,@,CHC,W,3,2,9,47//33,1,up 5.5,Fried,Montgomery,Jackson,2:59,N,0.7074797703196952,+,,0,0,1,W,47,33,1,179,5.5,"Tuesday, Jun 25 1980",0.0
80,330825600,boxscore,ATL,@,CHC,W,5,3,9,48//33,1,up 5.5,Keuchel,Darvish,Minter,3:02,N,0.7204419261308723,++,,0,0,1,W,48,33,2,182,5.5,"Wednesday, Jun 26 1980",798.8
81,330912000,boxscore,ATL,@,CHC,L,7,9,9,48//34,1,up 4.5,Chatwood,Tomlin,Kimbrel,3:02,D,0.7546665655972257,-,,0,0,0,L,48,34,-1,182,4.5,"Thursday, Jun 27 1980",19.7
82,330998400,boxscore,ATL,@,NYM,W,6,2,9,49//34,1,up 5.5,Soroka,deGrom,,2:55,N,0.6901968959047926,+,,1,0,1,W,49,34,1,175,5.5,"Friday, Jun 28 1980",0.0
83,331084800,boxscore,ATL,@,NYM,W,5,4,9,50//34,1,up 6.5,Newcomb,Lugo,Jackson,3:39,D,0.77335177850632,++,,1,0,0,W,50,34,2,219,6.5,"Saturday, Jun 29 1980",0.0
84,331171200,boxscore,ATL,@,NYM,L,5,8,9,50//35,1,up 5.5,Font,Newcomb,Diaz,3:27,N,0.6015463624476491,-,,1,0,1,L,50,35,-1,207,5.5,"Sunday, Jun 30 1980",0.0
85,331344000,boxscore,ATL,,PHI,L,0,2,9,50//36,1,up 4.5,Nola,Keuchel,Neris,2:48,N,0.7614319013056908,--,,0,1,1,L,50,36,-2,168,4.5,"Tuesday, Jul 2 1980",0.0
86,331430400,boxscore,ATL,,PHI,W,9,2,9,51//36,1,up 5.5,Wilson,Pivetta,,2:36,N,0.7608065341393622,+,,0,1,1,W,51,36,1,156,5.5,"Wednesday, Jul 3 1980",0.0
87,331516800,boxscore,ATL,,PHI,W,12,6,9,52//36,1,up 6.0,Minter,Eflin,,3:32,N,0.7700164869525669,++,,0,1,1,W,52,36,2,212,6.0,"Thursday, Jul 4 1980",0.0
88,331603200,boxscore,ATL,,MIA,W-wo,1,0,9,53//36,1,up 6.5,Jackson,Quijada,,3:00,N,0.7789042809225113,+++,,1,1,1,W,53,36,3,180,6.5,"Friday, Jul 5 1980",0.0
89,331689600,boxscore,ATL,,MIA,L,4,5,9,53//37,1,up 6.0,Smith,Fried,Romo,3:19,D,0.7052625594572571,-,,1,1,0,L,53,37,-1,199,6.0,"Saturday, Jul 6 1980",0.0
90,331776000,boxscore,ATL,,MIA,W,4,3,9,54//37,1,up 6.0,Keuchel,Richards,Jackson,3:02,D,0.5782561731319524,+,,1,1,0,W,54,37,1,182,6.0,"Sunday, Jul 7 1980",0.0
91,332208000,boxscore,ATL,@,SDP,W,5,3,9,55//37,1,up 6.0,Keuchel,Lamet,Jackson,3:03,N,0.6574314464932063,++,,1,0,1,W,55,37,2,183,6.0,"Friday, Jul 12 1980",0.0
92,332294400,boxscore,ATL,@,SDP,W,7,5,10,56//37,1,up 6.0,Newcomb,Perdomo,Jackson,4:05,N,0.8176770452348917,+++,,1,0,1,W,56,37,3,245,6.0,"Saturday, Jul 13 1980",0.0
93,332380800,boxscore,ATL,@,SDP,W,4,1,9,57//37,1,up 7.0,Soroka,Wingenter,Minter,3:15,D,0.6583221209422199,++++,,1,0,0,W,57,37,4,195,7.0,"Sunday, Jul 14 1980",0.0
94,332467200,boxscore,ATL,@,MIL,W,4,2,9,58//37,1,up 7.5,Fried,Houser,Jackson,3:02,N,0.6035740681081696,+++++,,0,0,1,W,58,37,5,182,7.5,"Monday, Jul 15 1980",0.0
95,332553600,boxscore,ATL,@,MIL,L,1,13,9,58//38,1,up 6.5,Woodruff,Wilson,,3:29,N,0.5988174875400329,-,,0,0,1,L,58,38,-1,209,6.5,"Tuesday, Jul 16 1980",0.0
96,332640000,boxscore,ATL,@,MIL,L,4,5,9,58//39,1,up 6.5,Anderson,Keuchel,Hader,3:07,D,0.6998048096420246,--,,0,0,0,L,58,39,-2,187,6.5,"Wednesday, Jul 17 1980",0.0
97,332726400,boxscore,ATL,,WSN,L,4,13,9,58//40,1,up 5.5,Strasburg,Wright,,3:44,N,0.7459493263090072,---,,0,1,1,L,58,40,-3,224,5.5,"Thursday, Jul 18 1980",0.0
98,332812800,boxscore,ATL,,WSN,W-wo,4,3,9,59//40,1,up 6.5,Jackson,Rodney,,3:30,N,0.7455892664253634,+,,1,1,1,W,59,40,1,210,6.5,"Friday, Jul 19 1980",0.0
99,332899200,boxscore,ATL,,WSN,L,3,5,9,59//41,1,up 5.5,Sanchez,Soroka,Doolittle,3:14,N,0.80477174098429,-,,1,1,1,L,59,41,-1,194,5.5,"Saturday, Jul 20 1980",0.0
100,332985600,boxscore,ATL,,WSN,W,7,1,9,60//41,1,up 6.5,Gausman,Ross,,3:02,N,0.603536167067786,+,,1,1,1,W,60,41,1,182,6.5,"Sunday, Jul 21 1980",0.0
101,333158400,boxscore,ATL,,KCR,L,4,5,9,60//42,1,up 5.5,Hill,Swarzak,Kennedy,3:30,N,0.6930205234133677,-,,0,1,1,L,60,42,-1,210,5.5,"Tuesday, Jul 23 1980",0.0
102,333244800,boxscore,ATL,,KCR,L,0,2,9,60//43,1,up 4.0,Keller,Teheran,Kennedy,2:43,N,0.7365119672535011,--,,0,1,1,L,60,43,-2,163,4.0,"Wednesday, Jul 24 1980",0.0
103,333417600,boxscore,ATL,@,PHI,W,9,2,9,61//43,1,up 5.5,Newcomb,Arrieta,,3:02,N,0.592544865356554,+,,1,0,1,W,61,43,1,182,5.5,"Friday, Jul 26 1980",0.0
104,333504000,boxscore,ATL,@,PHI,W,15,7,9,62//43,1,up 6.5,Fried,Eflin,,3:34,N,0.7455134643445963,++,,1,0,1,W,62,43,2,214,6.5,"Saturday, Jul 27 1980",0.0
105,333590400,boxscore,ATL,@,PHI,L,4,9,9,62//44,1,up 5.5,Nola,Gausman,,3:13,D,0.7018704163429286,-,,1,0,0,L,62,44,-1,193,5.5,"Sunday, Jul 28 1980",0.0
106,333676800,boxscore,ATL,@,WSN,L,3,6,9,62//45,1,up 4.5,Corbin,Keuchel,,3:23,N,0.46034603649870187,--,,0,0,1,L,62,45,-2,203,4.5,"Monday, Jul 29 1980",0.0
107,333763200,boxscore,ATL,@,WSN,W,11,8,9,63//45,1,up 5.5,Teheran,Fedde,,3:47,N,0.5034395194148079,+,,0,0,1,W,63,45,1,227,5.5,"Tuesday, Jul 30 1980",0.0
108,333849600,boxscore,ATL,@,WSN,W,5,4,10,64//45,1,up 6.5,Newcomb,Doolittle,Tomlin,3:14,D,0.598381625575622,++,,0,0,0,W,64,45,2,194,6.5,"Wednesday, Jul 31 1980",0.0
109,333936000,boxscore,ATL,,CIN,W,4,1,6,65//45,1,up 7.0,Fried,DeSclafani,,2:08,N,0.543444067539654,+++,,0,1,1,W,65,45,3,128,7.0,"Thursday, Aug 1 1980",0.0
110,334022400,boxscore,ATL,,CIN,L,2,5,9,65//46,1,up 6.0,Wood,Gausman,Iglesias,3:01,N,0.7152494835983247,-,,1,1,1,L,65,46,-1,181,6.0,"Friday, Aug 2 1980",0.0
111,334108800,boxscore,ATL,,CIN,W-wo,5,4,10,66//46,1,up 7.0,Jackson,Hughes,,3:47,N,0.7975326422710304,+,,1,1,1,W,66,46,1,227,7.0,"Saturday, Aug 3 1980",0.0
112,334195200,boxscore,ATL,,CIN,L,4,6,10,66//47,1,up 7.0,Stephenson,Greene,Hernandez,3:54,D,0.6269400595046334,-,,1,1,0,L,66,47,-1,234,7.0,"Sunday, Aug 4 1980",0.0
113,334281600,boxscore,ATL,@,MIN,L-wo,3,5,9,66//48,1,up 6.0,May,Martin,,3:01,N,0.5063958005647256,--,,0,0,1,L,66,48,-2,181,6.0,"Monday, Aug 5 1980",0.0
114,334368000,boxscore,ATL,@,MIN,W,12,7,9,67//48,1,up 6.0,Foltynewicz,Berrios,,3:27,N,0.6958820519623263,+,,0,0,1,W,67,48,1,207,6.0,"Tuesday, Aug 6 1980",149.79999999999998
115,334454400,boxscore,ATL,@,MIN,W,11,7,9,68//48,1,up 6.0,Fried,Perez,,3:33,D,0.6761924614830677,++,,0,0,0,W,68,48,2,213,6.0,"Wednesday, Aug 7 1980",0.0
116,334540800,boxscore,ATL,@,MIA,L,2,9,9,68//49,1,up 5.5,Hernandez,Keuchel,,3:04,N,0.16956925467604086,-,,0,0,1,L,68,49,-1,184,5.5,"Thursday, Aug 8 1980",0.0
117,334627200,boxscore,ATL,@,MIA,W,8,4,9,69//49,1,up 6.5,Teheran,Smith,,3:19,N,0.15268434118516552,+,,1,0,1,W,69,49,1,199,6.5,"Friday, Aug 9 1980",0.0
118,334713600,boxscore,ATL,@,MIA,L-wo,6,7,10,69//50,1,up 6.5,Brigham,Newcomb,,3:34,N,0.5632094600996798,-,,1,0,1,L,69,50,-1,214,6.5,"Saturday, Aug 10 1980",0.0
119,334800000,boxscore,ATL,@,MIA,W,5,4,9,70//50,1,up 6.5,Foltynewicz,Noesi,Jackson,3:23,D,0.23381151812617257,+,,1,0,0,W,70,50,1,203,6.5,"Sunday, Aug 11 1980",0.0
120,334972800,boxscore,ATL,,NYM,W,5,3,9,71//50,1,up 6.0,Fried,Wheeler,Melancon,3:18,N,0.5235460213382858,++,,0,1,1,W,71,50,2,198,6.0,"Tuesday, Aug 13 1980",0.0
121,335059200,boxscore,ATL,,NYM,W,6,4,9,72//50,1,up 6.0,Martin,Lugo,Blevins,3:15,N,0.4468911671625386,+++,,0,1,1,W,72,50,3,195,6.0,"Wednesday, Aug 14 1980",0.0
122,335145600,boxscore,ATL,,NYM,L,8,10,9,72//51,1,up 5.5,Stroman,Teheran,Diaz,3:33,N,0.481798025355796,-,,0,1,1,L,72,51,-1,213,5.5,"Thursday, Aug 15 1980",0.0
123,335232000,boxscore,ATL,,LAD,L,3,8,9,72//52,1,up 4.5,Kolarek,Newcomb,Urias,3:06,N,0.7847978927021547,--,,1,1,1,L,72,52,-2,186,4.5,"Friday, Aug 16 1980",0.0
124,335318400,boxscore,ATL,,LAD,W,4,3,9,73//52,1,up 5.5,Newcomb,Ryu,Melancon,3:17,N,0.8266027402452197,+,,1,1,1,W,73,52,1,197,5.5,"Saturday, Aug 17 1980",0.0
125,335404800,boxscore,ATL,,LAD,W,5,3,9,74//52,1,up 5.5,Swarzak,May,Melancon,3:11,D,0.7128617180541605,++,,1,1,0,W,74,52,2,191,5.5,"Sunday, Aug 18 1980",0.0
126,335577600,boxscore,ATL,,MIA,W,5,1,9,75//52,1,up 6.0,Keuchel,Kinley,,3:00,N,0.40309651499933674,+++,,0,1,1,W,75,52,3,180,6.0,"Tuesday, Aug 20 1980",0.0
127,335664000,boxscore,ATL,,MIA,W,5,0,9,76//52,1,up 6.0,Teheran,Smith,,2:44,N,0.4460383937539085,++++,,0,1,1,W,76,52,4,164,6.0,"Wednesday, Aug 21 1980",0.0
128,335750400,boxscore,ATL,,MIA,W-wo,3,2,9,77//52,1,up 6.0,Melancon,Stanek,,2:40,N,0.45418711743637363,+++++,,0,1,1,W,77,52,5,160,6.0,"Thursday, Aug 22 1980",0.0
129,335836800,boxscore,ATL,@,NYM,W,2,1,14,78//52,1,up 6.0,Jackson,Familia,Melancon,4:37,N,0.5957475032689648,++++++,,1,0,1,W,78,52,6,277,6.0,"Friday, Aug 23 1980",0.0
130,335923200,boxscore,ATL,@,NYM,W,9,5,9,79//52,1,up 6.0,Tomlin,Brach,,3:14,N,0.7258049233451458,+++++++,,1,0,1,W,79,52,7,194,6.0,"Saturday, Aug 24 1980",0.0
131,336009600,boxscore,ATL,@,NYM,W,2,1,9,80//52,1,up 6.0,Keuchel,Matz,Melancon,2:45,D,0.5717371941859805,++++++++,,1,0,0,W,80,52,8,165,6.0,"Sunday, Aug 25 1980",0.0
132,336096000,boxscore,ATL,@,COL,L-wo,1,3,9,80//53,1,up 5.5,Diaz,Swarzak,,3:27,D,0.5647823532755974,-,2019-04-10 (Inclement weather),0,0,0,L,80,53,-1,207,5.5,"Monday, Aug 26 1980",0.0
133,336182400,boxscore,ATL,@,TOR,L,1,3,9,80//54,1,up 5.5,Godley,Soroka,Giles,2:57,N,0.4657658852735508,--,,0,0,1,L,80,54,-2,177,5.5,"Tuesday, Aug 27 1980",0.0
134,336268800,boxscore,ATL,@,TOR,W,9,4,9,81//54,1,up 5.5,Jackson,Waguespack,,3:33,N,0.43798442267240234,+,,0,0,1,W,81,54,1,213,5.5,"Wednesday, Aug 28 1980",0.0
135,336441600,boxscore,ATL,,CHW,W,10,7,9,82//54,1,up 5.5,Fried,Nova,Melancon,3:28,N,0.7409084879379939,++,,1,1,1,W,82,54,2,208,5.5,"Friday, Aug 30 1980",0.0
136,336528000,boxscore,ATL,,CHW,W,11,5,9,83//54,1,up 5.5,Keuchel,Lopez,,3:52,N,0.6948018723113949,+++,,1,1,1,W,83,54,3,232,5.5,"Saturday, Aug 31 1980",0.0
137,336614400,boxscore,ATL,,CHW,W,5,3,9,84//54,1,up 5.5,Teheran,Giolito,Melancon,3:08,N,0.7844946843790862,++++,,1,1,1,W,84,54,4,188,5.5,"Sunday, Sep 1 1980",0.0
138,336700800,boxscore,ATL,,TOR,W,6,3,9,85//54,1,up 6.5,Soroka,Waguespack,Melancon,2:52,D,0.5493187287991055,+++++,,0,1,0,W,85,54,5,172,6.5,"Monday, Sep 2 1980",0.0
139,336787200,boxscore,ATL,,TOR,W,7,2,9,86//54,1,up 6.5,Foltynewicz,Font,,2:46,N,0.48185487691637136,++++++,,0,1,1,W,86,54,6,166,6.5,"Tuesday, Sep 3 1980",0.0
140,336960000,boxscore,ATL,,WSN,W,4,2,9,87//54,1,up 8.0,Fried,Strasburg,,2:57,N,0.546362447649188,+++++++,,0,1,1,W,87,54,7,177,8.0,"Thursday, Sep 5 1980",169.2
141,337046400,boxscore,ATL,,WSN,W,4,3,9,88//54,1,up 9.0,Keuchel,Corbin,Greene,3:20,N,0.7045992912505449,++++++++,,1,1,1,W,88,54,8,200,9.0,"Friday, Sep 6 1980",0.0
142,337132800,boxscore,ATL,,WSN,W,5,4,9,89//54,1,up10.0,Teheran,Voth,Melancon,3:29,N,0.7668707006007315,+++++++++,,1,1,1,W,89,54,9,209,10.0,"Saturday, Sep 7 1980",0.0
143,337219200,boxscore,ATL,,WSN,L,4,9,9,89//55,1,up 9.0,Scherzer,Soroka,,3:16,D,0.602418086376471,-,,1,1,0,L,89,55,-1,196,9.0,"Sunday, Sep 8 1980",19.7
144,337305600,boxscore,ATL,@,PHI,W,7,2,9,90//55,1,up 9.5,Foltynewicz,Nola,,2:47,N,0.47510849172809794,+,,0,0,1,W,90,55,1,167,9.5,"Monday, Sep 9 1980",0.0
145,337392000,boxscore,ATL,@,PHI,L,5,6,9,90//56,1,up 9.5,Parker,Fried,Neris,3:06,N,0.4589815990448938,-,,0,0,1,L,90,56,-1,186,9.5,"Tuesday, Sep 10 1980",0.0
146,337478400,boxscore,ATL,@,PHI,W,3,1,9,91//56,1,up 9.5,Keuchel,Eflin,Melancon,3:31,N,0.44046694081752547,+,,0,0,1,W,91,56,1,211,9.5,"Wednesday, Sep 11 1980",0.0
147,337564800,boxscore,ATL,@,PHI,L,5,9,9,91//57,1,up 8.5,Hughes,Teheran,Neris,3:35,N,0.5120809566222593,-,,0,0,1,L,91,57,-1,215,8.5,"Thursday, Sep 12 1980",0.0
148,337651200,boxscore,ATL,@,WSN,W,5,0,9,92//57,1,up 9.5,Soroka,Scherzer,,3:16,N,0.7529041672193901,+,,1,0,1,W,92,57,1,196,9.5,"Friday, Sep 13 1980",0.0
149,337737600,boxscore,ATL,@,WSN,W,10,1,9,93//57,1,up10.5,Foltynewicz,Suero,,3:29,D,0.7516534328867327,++,,1,0,0,W,93,57,2,209,10.5,"Saturday, Sep 14 1980",0.0
150,337824000,boxscore,ATL,@,WSN,L,0,7,9,93//58,1,up 9.5,Sanchez,Fried,,3:03,D,0.5561977676287214,-,,1,0,0,L,93,58,-1,183,9.5,"Sunday, Sep 15 1980",0.0
151,337996800,boxscore,ATL,,PHI,L,4,5,9,93//59,1,up 9.0,Velasquez,Keuchel,Neris,3:26,N,0.5465898538914893,--,,0,1,1,L,93,59,-2,206,9.0,"Tuesday, Sep 17 1980",0.0
152,338083200,boxscore,ATL,,PHI,L,1,4,9,93//60,1,up 9.0,Eflin,Teheran,Neris,2:59,N,0.5294206825977373,---,,0,1,1,L,93,60,-3,179,9.0,"Wednesday, Sep 18 1980",0.0
153,338169600,boxscore,ATL,,PHI,W,5,4,9,94//60,1,up 9.5,Soroka,Nola,Melancon,3:10,D,0.6295931323314825,+,,0,1,0,W,94,60,1,190,9.5,"Thursday, Sep 19 1980",0.0
154,338256000,boxscore,ATL,,SFG,W,6,0,9,95//60,1,up 9.5,Foltynewicz,Beede,,2:21,N,0.7091095150561882,++,,1,1,1,W,95,60,2,141,9.5,"Friday, Sep 20 1980",0.0
155,338342400,boxscore,ATL,,SFG,W,8,1,9,96//60,1,up 9.5,Fried,Cueto,,2:35,N,0.7750573253235802,+++,,1,1,1,W,96,60,3,155,9.5,"Saturday, Sep 21 1980",0.0
156,338428800,boxscore,ATL,,SFG,L,1,4,9,96//61,1,up 9.5,Webb,Keuchel,Smith,3:07,D,0.638139816937975,-,,1,1,0,L,96,61,-1,187,9.5,"Sunday, Sep 22 1980",0.0
157,338601600,boxscore,ATL,@,KCR,L,6,9,9,96//62,1,up 7.5,Duffy,Teheran,,3:28,N,0.31624628096041235,--,,0,0,1,L,96,62,-2,208,7.5,"Tuesday, Sep 24 1980",0.0
158,338688000,boxscore,ATL,@,KCR,W,10,2,9,97//62,1,up 7.5,Jackson,Barnes,,3:31,N,0.3208512573670147,+,,0,0,1,W,97,62,1,211,7.5,"Wednesday, Sep 25 1980",0.0
159,338860800,boxscore,ATL,@,NYM,L,2,4,9,97//63,1,up 6.0,Stroman,Keuchel,Lugo,3:09,N,0.4977164623168906,-,,1,0,1,L,97,63,-1,189,6.0,"Friday, Sep 27 1980",0.0
160,338947200,boxscore,ATL,@,NYM,L,0,3,9,97//64,1,up 5.0,Matz,Foltynewicz,Diaz,2:33,N,0.6103962553772101,--,,1,0,1,L,97,64,-2,153,5.0,"Saturday, Sep 28 1980",0.0
161,339033600,boxscore,ATL,@,NYM,L-wo,6,7,11,97//65,1,up 4.0,Mazza,Dayton,,3:44,D,0.5973772480054578,---,,1,0,0,L,97,65,-3,224,4.0,"Sunday, Sep 29 1980",0.0
